,driver_id,driver_value
0,002be0ffdc997bd5c50703158b7c2491,2648.07
1,007f0389f9c7b03ef97098422f902e62,262.61
2,011e5c5dfc5c2c92501b8b24d47509bc,344.71
3,0152a2f305e71d26cc964f8d4411add9,1856.49
4,01674381af7edd264113d4e6ed55ecda,3780.55
5,01788cf817698fe68eaecd7eb18b2f72,0.0
6,0213f8b59219e32142711992ca4ec01f,2122.88
7,021e5cd15ef0bb3ec20a12af99e142b3,548.37
8,0258e250ca195cc6258cbdc75aecd853,2975.93
9,028b5a4dcd7f4924ebfabcf2e814c014,3652.91
10,02d6a6b8a6da15fc219a9570f7ebbe78,971.32
11,02e440f6c209206375833cef02e0cbae,550.86
12,036f3d94e7c65e4e3574822d31c72656,2101.35
13,039c5afbca8e03e4c18d9c8ea94140ac,348.53
14,039da9c077e17af98ca8530e4d7975f1,3744.55
15,03f2b5c74cb89f39e58711699e76bf39,2203.91
16,03f5278eb43475aa6790f5be32463755,3641.64
17,0430df9a3eb327122c57ee3a64765000,375.67
18,04c4ffa5a385eab86fa7e422263d2999,639.45
19,04d686ef2fba281e395992a28f14fdd3,3174.39
20,052bba06c5fc0bdea4bc2f9cb92b37c7,540.62
21,059ed570673c2d15ca11dd6b3a25513b,339.16
22,05addf442c147875efa5cf53453ad47b,3595.82
23,05bad02e08c7f849e91dc1259da8b4ec,487.6
24,0656192a402808805282e60761bda088,3076.53
25,06b1ba06e5505f8218ec8686498f990a,437.27
26,06c848ab3a7fc5421e82e98850a81710,3618.82
27,07dd442e3e0b9f0f9b0d69c7b47cbb06,2575.42
28,07e6a2fdaadc640cca9a7bec41351065,193.5
29,081d8ba3bc9a00a481df02bd9d0a4c53,1705.15
30,0822973f3e812a68a867962dbbd37f5d,308.94
31,08a1491d6a804e0af969f08252ddbbd8,6016.96
32,08b2b063cce8d02495c4b880293f153c,5556.64
33,0938ed763cb3129ae63607aaf69daff5,316.29
34,0abc4faab8bbdf4d62412655fe0a2398,431.4
35,0afc0241296972b583debd7c5f5c707c,4213.11
36,0b10af0ede0648dbe6ae05813c5cbf1b,329.06
37,0b631e16fa61f7321da18cf35a076d5f,4060.39
38,0c02bd2b09f7193103279ab9b760b777,2932.29
39,0ca501b2a1d72e80e0d0cd2c25bdd124,2467.67
40,0d53c0441daccbb9022ccdcd2a58c7f7,370.65
41,0e7f0f05c7e193b1774c2e5713741cd4,2712.75
42,0efa2b92642c1e6db77406bb3761baf4,3334.66
43,0eff1404b137a5562642f0f706e59f25,346.3
44,0f057c0c73054f569a59a0880b91cbb0,358.18
45,0f346940b7c9dc770d408b1063ed2f81,5423.76
46,100979abe35f7761f333bb7e63649767,4442.57
47,10570128e114c22b855f1155b88fb379,4159.53
48,10ab4d373b29fb6ee31ae2b7b39fc574,350.47
49,10d2c35bb4b440aa1eaf06d477ff27a6,478.22
50,1110d496149d3d8c50276765924df831,253.05
51,1127af601413f32c08e2a89447e5f3b9,403.18
52,113d6a61dd3bd21e5bc39bc19197f0f4,4341.63
53,11506b81721ca68ef019764de3d8edbd,6614.49
54,117ea72f13b43f0f4055b0472dcb6b1b,345.06
55,118be60e268514eb85f66ddb82bfa407,387.95
56,122972e7c73c944e744e6eca819d93e7,363.07
57,12933735316b452a5bc6a933d1a38124,5029.49
58,133c19880625cbe91986ee3c402866cd,541.45
59,133faf644d5cfee9460b87eea4367f92,0.0
60,1340d44ca7946f4192cd80d8f47ce99b,2287.73
61,136b51093f684e15e2798e4dc1e23d0c,1475.01
62,13fe6713788e9b63f57950320f260512,0.0
63,14183e69946d782c92eb53b3c6eeb86f,251.14
64,146cd888491dd0f348575244f5bbc24e,0.0
65,148fb453d12992652b56d8bc2cfb1b78,242.96
66,156a150f1dbafbb01a786a5f45bdd7b6,363.12
67,1585fa96f0818e8f4d1cf826b332fda4,0.0
68,15e0ade28a7d24026b2fe91ef528ddf5,4470.59
69,162441a5f1b85a5c3780686296c3bc75,441.87
70,163b1ac215580e695280d8f94c687ef4,571.31
71,1674103b16c39ab56a76884b7c2ca83e,3223.78
72,1682c469cb12aa06b06d93ab87c3836a,3768.97
73,1696be121baad60c7ca8a1c8164b24ad,548.53
74,16cd1e08be52741e1516cade45ae7754,621.42
75,17235b165b78a09be9cd7f9abc1e833a,6688.64
76,173a168d2b8830525f59be85a35f0000,297.89
77,175540c364f94b6adbc0ce3541a3254a,568.48
78,179ef343f855d34fa0262c720cdb9a52,197.19
79,180284a755fb939181db32b838fd0720,2613.98
80,1805f90c5220ac830835df3309a76e78,387.47
81,181396b71a4723deaa02c3dd3ffa9041,541.18
82,183336ca67d3257c34cb80c9bd4dfb34,2662.11
83,186d02f3ae489428440a352e3fe503a4,438.84
84,187a5227c531151abd112eef1d104301,4164.71
85,19029e596b5c3e45cc6b3cca0640fa58,525.14
86,1925803c42c264e21fdcf0a35fbd2107,3691.9
87,1936275dcb0942dc60a378839fae4730,3165.45
88,1936720ce0900cbff6d9114328c84bee,232.2
89,1989ad384dd8ab8f43fd19822c36aeac,3217.53
90,19daceea26aeb211cb8bf28c8497b6c2,2545.6
91,19e1cdfeaf90239d8585e6a78136a403,6462.48
92,1a2af09b492ba2519c5b4aec478642a7,3196.69
93,1aee4c95edf898beee1a8b49a1f898b0,3094.21
94,1b51afba3b72e0259db160170f824f95,1962.45
95,1b9ddecea8eb99bc37f9b0711546f1c0,5561.34
96,1c4312919166a0e7cefe6b3ddf1ec9c6,497.1
97,1c44fab20b7f0804c11d88dc0554edf4,388.04
98,1c6e8fbca23da68279d93b2de6eaa3d1,4348.91
99,1c95fcac4de21d077072da1ea1705eb5,240.86
100,1cf6fa07dcec364af2acf257b2d3731e,879.22
101,1cf95d6dd025d792340b623bcff18260,376.5
102,1d789a00290ec2e8a4ae1c704f671caf,3664.36
103,1d7bc6daa163020694e2a5e636b96a0d,3068.83
104,1d92784a09b1d1f85b05508e33261efb,3414.12
105,1e836fdeba5bcacf45438c08bfcf4fa3,5289.0
106,1e9570c1846c0f79c1ec103f608bc8ee,2177.93
107,1e9b964b3e3d0289794289579269247a,0.0
108,1eb30783865c10a8abc395e1b73bd578,238.6
109,1ed175c60fdf7380fefc804bf4dd75f3,254.21
110,1f83b77c681720ce48d33c21083c27e0,2704.91
111,1f8e4a81c9da3260c84f14483319a338,383.84
112,20f5672c1b6a59b9d5ec09a34ad90e9b,400.45
113,215263f9135bdd22b0e41659046b150d,3950.6
114,21eb2a893ddf647ee9d307d873a697b7,5264.93
115,220d2d2a94c58c0f7ee7cb1864d5f0c5,3665.63
116,2231ec7a993e7ce92f79588ccc405e21,425.47
117,225fb2558cee416b136c9c9231824580,415.35
118,22ca9510a0c0d97ba66750530ee0e914,2541.38
119,22d43c4cd79a3cbab663d9eadd1e5995,5155.9
120,23017e4c03d224c89b5e3a0550e1bd9f,2148.69
121,236af2c3c395a20fd53696a5634abd7b,2194.45
122,23d3a2d0f6732d106fbc3d6079ac018d,730.96
123,23f2a72a48ef9f44301dbcfd69f8b3f0,1985.47
124,2422c0748699c412f9759b2897484061,4432.68
125,24708f36edaf58e1c50b06720b536b45,2293.81
126,2494554e7702a28816717bc0cbf7d57b,1999.69
127,24b79c598cb070bf049057bd529d3c86,2272.59
128,24f805c6313acfbc2250cbfd90268b24,496.05
129,25061f5683655c7cc6e503eb0383c96e,4146.12
130,25827d13d5d988125ef4cc8a2ea3ddc1,4385.85
131,258e3bc5c82e3f687b4e999bc598374e,412.16
132,2678d03ea513d10988818e77c5915b75,5375.48
133,268e15733721c4f3c10d9942e85a4859,0.0
134,26dd952cf82f0d354e4007476748a1dc,6317.26
135,26efe85697b050171e2ac92d11f75605,4794.39
136,272fc17e9698d95dda029e15b5546534,3221.37
137,2736701b1fff80dc6ec8618309c76813,0.0
138,274a1e97df854e1590ae812ca9ee5ac7,3445.62
139,276f6a36e30c69076c4cab7970ade946,526.14
140,28083e35d199d29c2a88502329af5f6d,0.0
141,281274ed70a896744065199c58462f3d,569.04
142,28a396a3e1793b64046aaaf8345604ec,0.0
143,28e4da66781b209cd9a299365a0dcab0,230.32
144,290c05b6d7e38c64bae2535b5d1d27f2,3443.34
145,297e507cc9f1da096e51c2223657255b,6163.31
146,299507a03373935d7a89a9fd6a6c0e46,546.23
147,29ca037d71b4a5934ae4528d050daeef,3381.58
148,2a190f6b01dba26d00d3b644a268ba75,2954.56
149,2a289b5c712e32bfb651b126cbe4e5bb,2328.8
150,2a4afd4ab156dd0a6a0dc48bdf5d8db7,425.83
151,2aa41b072dc16081ebe60ad5b17f5a4c,4571.53
152,2b1f99b4f3360623da8fdcd39828122e,2716.08
153,2b4078909534095c15f578c588667bc9,493.13
154,2b77329ac116a3d1a5334c3fd54bd499,2514.36
155,2ba51f9574a5c08327a718edada3e052,380.0
156,2ba60fe37b426385154d69d8eff687e1,358.17
157,2c00d6d77281fb9f97c1eb711f39b08d,762.82
158,2c130ea88372d326fb1a0719227627e3,2307.7
159,2cc500616c927ce30d0bd1e87c699ef5,333.31
160,2d42e6d775b4399a56b71c2f3d6905ab,1972.57
161,2d4c69afb7ac569a35a1c15fcecc1cb0,4394.02
162,2da7874cc42c3c94f157bd3fd78369b6,5039.3
163,2db4e5237ec8a271bd6269b5ddc9b422,3002.12
164,2e4d5b1e1a62e56b3a8f887641379fe4,5561.55
165,2e5d7b104b570a5cf450f6825880c9dc,331.46
166,2e882efad8288189f654defcd3dbcd64,274.11
167,2ebb15757eae00c4c491f569ca1a72a4,286.93
168,2ed0f3c071cdebf30186d2bf0a0c6151,2701.88
169,2f29fdfd281552870b7f07152889e0fb,2458.13
170,2f331eb33f5d186bdcfb8cd8e2eb1349,0.0
171,2f3773bd9dab0fa3e04c6f58dc0714a4,223.72
172,2f50e03ac03a920d1447b894643797f6,312.58
173,304fecb59756fb1d76c37ab927293da0,0.0
174,309320204754c3eeb2577949e870fe2d,2004.42
175,30e91f4104a6b5b0450588d8febddd93,392.54
176,314d2be0d3461375f9e9ecf56b2b04ee,469.46
177,3155bb6b7fc081f2cccc4f50c9bea08e,255.26
178,31b451688ffc6f785c22bf74374507bc,400.0
179,329870cd7580c9efbc6b62073f89b90d,454.68
180,32b84f6d92b60badb7a8a6c47088151d,360.49
181,32d6b6b2ad34385519bd4492ce78eee4,248.18
182,336a98815390e16a5661d2570374d448,4438.63
183,336c8ec2eb47bc1453b85ee78849038e,2499.55
184,339a64370e18200c78fa15487f688c74,0.0
185,33b7762088cf5b82b8fe6fc291f93b6b,241.96
186,34699d5745d74c7076fd1ef051b795a9,646.73
187,3474d70dfe09a1d9545f436cd3f3136a,373.15
188,34784d7e4e1ee4869f10d9abeb4ad3fa,2820.72
189,34c0cce7c3c34f9f6062b697637890b2,1775.3
190,34e2c40d9d6f01ec4a0ffed4b032ec1e,505.24
191,352a72ac75c8886f94894f0cd77ef75d,0.0
192,3575446a7484516f5593add3ddd37451,4380.66
193,35c3b0390b6f80657c53fb46b13f0a9e,413.59
194,35db61ddf8e29d55a2d355ed0f9166d8,437.28
195,35fa59db20f02b89264c5a97b94d7785,295.21
196,363f684a638dac345e67fbb78e492efc,2249.62
197,367091701b7a57ef3e93c9fe2f6d3b3c,376.34
198,36de1e085fbd8f354dd3192571cece32,3706.11
199,36df5bf5a89917fde3573e7c960c2097,2629.53
200,370412f2a2747c1fdf8e807374c04a3d,1490.03
201,370e9f95700973dd95508e2f39b2bd29,499.6
202,3777e15bb2eb838394a372e119d96462,281.94
203,3788dc9e91f1548816ce8b5af07ddadc,8853.62
204,378f8bfcef6759b1e6b0e66b04424f54,2198.4
205,37ac4f9379c836b08c9a6e2315fd66af,543.74
206,38510028b6d34d1b1339fa4e70783563,4133.97
207,3857da988688981b67c878fc179eb0dc,2012.55
208,387fb3e0e515f38826f70eb475a3bfb6,1762.71
209,392e07cd00f38f357ae73795619fd0e3,5050.44
210,392f50e58bee8a34399972bf0cb175d3,2941.43
211,39a7bc235caf53556b15dd28ab5a7157,4519.85
212,39b23365604d2633d74192b7131d6f67,0.0
213,39eedffe18d7ec6c53741f9d46c7ab51,3270.75
214,3a1d9fb7a8cfd55ae38d1b4fb1520d1f,3266.88
215,3a1e17213c1fda2fc6126425e8721a6d,0.0
216,3a52faf7577b389cbe9912652cbad33c,6425.58
217,3af5c66b6800650cebac636822ac14c7,3330.06
218,3b2dca5cc3db92a05ea35056887108b6,223.48
219,3b6ae24dc593e6609bf90a1b80630439,688.87
220,3b7f314bfe75abaa6718399d534ccf47,3190.93
221,3b87648d266e62600ff719b691fd8562,1934.08
222,3babf7dbd39edd11603dcd53e50dc050,337.04
223,3bfb185b9491beb56fc10b6212c6c9c2,3804.38
224,3c69563a9561f995598ed81f1f5c331a,4394.41
225,3caf85a7d6b8f5615fbc21e8310af584,2560.15
226,3d2fa009a9f144706ad28ec9348f5960,3243.02
227,3dad0a540eaab6fa876e4938d728efae,2110.85
228,3dc5080a4b9299fbf31479ea751d562b,0.0
229,3dec7f876bb8b281df66b46469c79393,494.57
230,3e66ede2d283842c643b6b623d0ca168,215.68
231,3e8d06b82eb75b584564ce66217b3514,3033.83
232,3f2ee0f16084bb99e8423807273c5816,2013.34
233,3f62bb3b6a5ccddae37ff2fe3bfb3efd,3096.44
234,3f79678c849eca6b438bb3d4bb59a5c6,1791.37
235,3f82d353964869022a995e87b480a901,2811.26
236,3fcdb7a637be76b45ad806d4f832c966,1798.45
237,40061a1bbba0ff209c889094d24f6032,4564.61
238,4008627b85a36afa46e22ecf513fc699,3385.12
239,400daded5197f955191887cd567338ee,735.49
240,402ce9ac2db62fcb5fe29ba1d40566c7,3280.94
241,4125bef57464803d018cacc1d3f08f74,1970.2
242,415fbbda45a4a410e3122e3c992ace42,5066.93
243,417055c67f5510da99ac623b02b87847,387.64
244,419eef26d8db5ccac04bf5d87af8059a,1677.88
245,42256e33936dfa69088f540a720edc97,368.92
246,432754fe9722d008cd7328f34852de61,846.01
247,4343b3dc4ad77e98d38808b64003bee0,2186.8
248,434adfc83c625f393595207cfff91ef2,1844.48
249,440abd26a1c60ce02351bf1823d2d46d,5976.66
250,44198b15df35d0827ebef271b6264727,3927.03
251,443cf8f9119a8fc409780159c46d2de7,2428.05
252,44509b1a5d4f1ad8350076d754ab1cb5,2261.02
253,446b609957a142e8834dc88cebb7dee0,1662.94
254,446ffe55730ace4059f02a4806018a08,643.73
255,44b7669c8f7ec8b8e592f150c7ee7fa2,3149.19
256,44e9f61af64c2d25412a0f4532ada63c,371.53
257,453f29877d452cbb3e0df4922a816316,0.0
258,455ec8a8532948fe2c5e308af37216a1,2382.38
259,456467f01492ee1aeb7707de5c725f1c,5518.18
260,459af73e5a9d360ff51cf284c571f01b,312.06
261,45ebd51300bd4bcc529a11a855827db4,4020.73
262,46b9dc30efea1755f8ada69668793bf5,307.73
263,46da643aa47256fef0822a2f288e115b,1892.9
264,46e1da1c7fe0602747beb9fe6bbaf037,273.73
265,46fcd24790c5eae35fa517051024bfe7,2735.24
266,4705afcfaac4e4bd293f613e3b01598f,3110.62
267,4713aa4cef966a678af02897a0e74043,2223.24
268,4742b3f8432af0165e291edc6b8c5e53,514.76
269,479c3dccc06056867dd10c7d9fa0f569,5101.24
270,47d53cd40685a32d936cbde7760eb434,2185.08
271,4856b892095f3afe8607a5ba0121b7b8,0.0
272,48e49f85bb962b1f77ed152cc32dcd0a,4058.18
273,490a37e876eb5d48f8e56e0d99461b04,535.54
274,4952bdd8850792b72466848cb4930f10,2254.23
275,49803452ad1a68e87b448f5129276bc2,2110.27
276,4a07b94db0ec6615f30ace6efd2a19cb,2229.41
277,4aa585f63fbe04dcded4019662cc47f8,395.42
278,4af132c905d92d74454ca4934ee2450a,2207.36
279,4af6c062ca397fd6b7bd2fb2a91e5964,535.21
280,4b52c260ac5817566e61009e4bd23329,531.16
281,4bbf15c7280e29c1df6edd7bf6dfa56a,574.85
282,4bcc817c8aba8c5569e370b238831e77,225.11
283,4c17ad0240c5e0342da52b55a3c64a49,0.0
284,4c50a69869b14c84b1fd77ddeb7b0962,0.0
285,4c5f4c8887459671e65b68826fe750c3,1830.8
286,4d10262d534bd366736dcabc8d37a3bb,2835.11
287,4d1e99b879de5fa11e3f5423416f0497,3060.05
288,4d40cd073132f01ccef7027f70890b6d,1590.24
289,4dc7656f389d5cfcd38bf7870c1ce3e6,2558.97
290,4dd633c46b8d78842b1e9dfb7f6a60e7,398.57
291,4e1fa948dc5295202fa8b7f8062b0d28,259.42
292,4e428667c6bb84323046e5647dfdfff0,427.16
293,4e4d07bdf390e67b633e62d3eaabd3dc,0.0
294,4e83cce03deeca174a87faaa046a4750,2917.89
295,4e9bcae1e2305fe1e6b215cb82833e97,6575.22
296,4eb382d1f7d50fae1294964263d1ce82,8143.84
297,4f06c1412e8f2c16c96abb053997112f,326.33
298,4f3187e47f035afbd77a00d4cd536d7f,2951.94
299,4f67a5d1152cd3f9f889d61779c27153,0.0
300,4fc9091d4e900a41a207ee32a639d658,939.45
301,50eadd94fd0152fd0638a915061c4c94,2418.66
302,50ec87212107552181f769bdc522b63d,2715.21
303,512ee3c7f8f9bfa6b7d3d824f5af228d,2026.46
304,514da6a81ecbe7cd98fc71045c66aae1,271.3
305,5185567c0a5ec03eddbb003364c82b97,3055.83
306,51a82cefe6d4e058ed392ea004572896,4206.21
307,51b528390e8e7780595f6009b1f4cf72,2351.03
308,52b193144c088d3aaf82dee6c4625155,0.0
309,52bc8ebc7db90d5b77453bf475677ebd,489.78
310,531a726b5b0c925a1aa24b5a9d5ac333,5921.75
311,53b03eb76e7c0e268c027a6868b9394c,1243.0
312,53e554eb940176c64fa8ee10a394f835,2180.68
313,5420c76a41d255a40272c8f3c1f93c6a,629.15
314,5479187ed46c2c87abacde90f4d8ed6f,3149.85
315,548a85a2fbb4986fd7a632566e8cb9c3,404.05
316,554a4f92c47ec3280d3ca64f5250b023,397.78
317,557b608dc1196be486e4928b62098895,0.0
318,55b69c895ca72127d05a48035328b345,0.0
319,55bec90600d21bd3513366d218f2b2f2,6918.7
320,55d70545197fd2c5cc68f14f3d5d6585,2669.15
321,55d7b17732745057aff29fcd0ce13014,376.28
322,561593fc7dd18e6a78c6ad5e7eef0061,2565.3
323,569271b82c506166a23ffcfbf6f854f2,3379.1
324,56bda1ed3f3299ff6e8465398a498a5b,553.59
325,5718c878f7879770af94d41951431983,411.53
326,5724816548576c2ccfcbd3d9d5072d23,0.0
327,5785f300b54051f8791ab00c424416a3,0.0
328,579967d1572ee95c66ffa1ca4077b61a,356.31
329,57c15602f0b088ce6b9e4f88edce149c,480.32
330,57c355d13a3bcfd36b3245d03f3f9d69,425.17
331,581129294fc7d1f43a4d1a372515dfaa,4180.07
332,583740d998ccdf639276e797a6caa9df,305.45
333,585b09e7ee2164f95b134866f3f412fb,2903.34
334,58d8c3038cd500e773aff605e28ce8a7,532.86
335,5943b68c2fa8bcfd0add30691fd9136b,4893.46
336,5a22303ccd79309f5324acc7b0e751bf,416.49
337,5a4306be3d5e1d5481e9237d2d211cb6,3031.0
338,5a880bc9cddbb3845438de87f859c360,4866.95
339,5ae3c8ba3ae2b9230664674dadf8535a,2853.31
340,5b33db9198566d3fcc5aa0bdeb435d2a,2655.48
341,5bd37993cfff08be940348a466912238,2107.4
342,5c00ecb439cd4e2377e9bb3de84b0e74,471.1
343,5cb230875b1a38b725085246444ffd0c,2805.16
344,5ccc0e6dc9c7475caf785cdce7b8eb7a,8953.5
345,5ceff5a3983505de6d021403c6975079,3336.18
346,5cf93f7d1d3a8f0cf395c84053c31b1b,287.06
347,5cfe569d448c9a5e120ce15611e7c779,2467.72
348,5cff9e4588a1d8b4b0fd703c4720421b,2623.4
349,5dca331aca1913f495071f3352fed0a2,0.0
350,5dd7009f3d7f049d3e38b155ecd3a24e,3057.23
351,5e37e705afb774452ab30d20b9561a0f,499.62
352,5e5bfc73736d6aa15ac33ea01d47e5ee,291.28
353,5e6bd3186b283c4e430332e1a3dd1b2e,4542.1
354,5efe1190183936849880ece11b1ece77,3624.85
355,5f34c8fc5bdd33f14bb71999b8286aef,287.41
356,5f946639378f9e31eee8b927dd743949,2501.92
357,5fce375e4e5c673c29e652df1ac0b903,4250.23
358,604097f005384ad20d982e7584f27c09,625.09
359,609970e669f2c55d69abc3cb117c47f6,3996.23
360,60a524518de0ab4261b0e71ee7011d64,3252.11
361,60f73dcab4a99269b597381b4958391f,3043.53
362,619fb670865cb3e2583cc22fde1337f1,6309.03
363,61e12b63003cde2efb3d1068853915d4,0.0
364,6241b9c147df1d0c7027321d4e1d53cf,2292.93
365,62a95561a6b12acbf809772553ba1462,1709.41
366,62aa54591b22be467c5a36356f96915b,3599.76
367,62c83d1a137771a5c82433c8b3f7fddb,2880.66
368,630559dc85053c746beafacbd590e8f0,3543.57
369,633310975f38cbaf67eb5043b4c6c77c,3616.92
370,6455eac21c029b8d93ff09c2dffcea35,448.39
371,646eba049df90f6bca2f51ce20004ac4,3552.56
372,647bd8b8b02c285db177096a351f8e2c,318.99
373,64a4b6ed93e79d83422e5cfef3a1d01f,0.0
374,64c401a44c495c2adcc834a3db3de11f,0.0
375,64e245c2e3f5c7658bc062e9840c04dc,3926.32
376,654c3e2ff69e4d6c9569212cbaf7af07,5140.53
377,6580de4a0be125c140c30436c7c2c988,2242.17
378,65b885fb53d0d952ed5be174c9c2d76d,1550.01
379,65bacc9ccdbaf8341a7232d5cfdbb0bf,2192.05
380,66290b00f9756a4c6808035244a4b9f6,3483.6
381,6641cc5d8221699e7db3376fea5587ba,2796.0
382,66f7bc876e24e26c5d71cb9a2a0e1222,3501.26
383,67129f4eb32604d9e420da5bf6bb2469,2190.34
384,671a36a580dd94c6a80d0dbe7fcaeabc,1873.86
385,67771fd10458c38391b55774826e4c34,3629.7
386,67b153d9a373c6b824954f5001e4769d,0.0
387,685a660507aba9066865ebfd62c48451,348.43
388,687ab6ec9da9f17ebd4d8665d1988e0f,4023.01
389,689bdf87fb2de49f98bf4946cfaa5068,7131.79
390,68a84d00f61c9fd6900cd12e662d43fa,2422.15
391,68b546b2f4102641d6774c1ce4f57457,197.02
392,68c4e63e9663a4bd8d4e435601a26a37,5897.9
393,68ec19c0d8af934976480dde7488ad83,0.0
394,691b99ebc7251c00edc12eab9232c0c4,376.96
395,699c387896f72e990239cbee1d81ff95,2551.14
396,6a0b94ec26ca0805f971c293a9603887,4017.4
397,6a190e3b2a68b2822a03fbd698f02604,2246.03
398,6a464f9c764040d89517cb5ed9257953,2111.19
399,6a4c652f46bc14c1c04eff3c67cabac0,731.16
400,6b0ba48a13c721f5fb766339a42d25f2,2822.5
401,6b65c06851e944351dd285a1eb729499,7815.05
402,6b941e22c8f9b2f159cce49fef9febff,455.15
403,6bc4ee6df691c3bed34c69aa93964ee9,388.76
404,6c0555804ebade45096a199f932e949e,3326.7
405,6c1c6b6992a23fe80dc5377cba9cc2e4,2504.48
406,6c5370105323176e4e88993943aa5b24,4470.89
407,6c56118b534a5b446d1fd0eab7dc9b19,588.47
408,6c9d732cd0560af6e8939ac97bdd78d2,4253.78
409,6cb35e276085548f3f095a85aa63af7b,354.9
410,6ccc2af7009dfea4572de788827ac5a1,347.18
411,6cdff0516a17236168522e0a270f4671,282.03
412,6d098c3af952e8ef82c0326b1891d993,0.0
413,6db38fccb3ac1de3981b701eb5a15d84,501.32
414,6df6c8f8d3c2a93314245a604c02bed1,184.2
415,6e70c2024934874d052225a4466fb9c1,1302.4
416,6eb2e0f41fc9f1fbb70e7751035fdf87,306.21
417,6eb562641c6e0074c14ac265153ccda6,362.68
418,6f107d977e357e3d22036cc447b354b0,5108.59
419,6f660e81330d77df19d4e3fb14b18730,416.32
420,6f739a076d7ba8ca414334af995fc44c,3125.57
421,6f9156b8af78f1e7f4ce971b50cacf29,430.53
422,6fd27cb2ebf1142ff29f519e20567876,0.0
423,6ff443616dd01da842095c0939394baf,3125.17
424,7023bf0fa91bea71ae7bfa2481fb5b90,2288.8
425,7062cc9432dba19f5b474be707a73525,4621.43
426,706466935b9e1d04e4e116be7ce90ea9,163.11
427,709d54382dc3259373f8ae6b2fac2415,0.0
428,71a4cd7ad9005409dc1bef838b488e6b,3021.28
429,72118f61d16a22814cfe01fcffd0659f,2245.68
430,72741692a0ac3fbd22820b0b278c4040,2634.63
431,7287a688775698a457a560e1133aee0a,2709.55
432,72ca99bb6667024a23e1f68904b06fd0,3734.03
433,733e0653a13dd43c9b668b1825a2fecc,3566.11
434,734e463e87289ed53edf3802a2cda9fe,2286.67
435,7419cd5c573ff9994c0f8ff5d92b4408,980.53
436,74279b827e47bbddb5ba57863c174995,0.0
437,7470e87e7621f0e68c728a0431788a58,0.0
438,7473815d8eb56f765461525f1bf48c93,280.33
439,7476a4cdfe6cb9587f03db358dff548f,322.01
440,7481015e6b377191f3b1531bc74e6908,313.68
441,74d1c00ab5098202337a91c936b6e080,3016.62
442,74de6f7e57690a1687935227360edf7f,4744.53
443,750b2b9e0f4caa4539c2553a4d04fb6b,3335.88
444,7553628edc729ab03cedd3ded8de8736,349.26
445,758f6d309376d24b53da45e91cf778cd,2346.09
446,7596061dc6e3a61ec35e0307bf423838,2201.12
447,75d8798826340198f4fd204ed31336ed,3705.07
448,75ff47d4ba4bd4480629671a666500ba,3678.78
449,762db27fc4dd1e53dd4fa982ae2162b4,2180.6
450,764289a2931fb70d1d27d5603d49edd2,337.64
451,766fea0c4f0b265fe9ac9e1e4ec64ad7,1950.27
452,7708f393e874acbdd44bbf47c9a328e9,1911.47
453,773555b1cf65c9fa882fd9f6c50f44d4,2520.01
454,775a910a05bbc12a236ec64d4109c37b,3507.44
455,7767360462c03c38f487f16f57b02e02,216.59
456,779747a77c043096f6428413f26d25dc,2550.97
457,77c589b9398709f398778a0ff368e00e,4114.26
458,78477100f8d331a7b048b96a6a856fde,0.0
459,785d6109caeb2f53c0628c37b20d91cb,4539.62
460,787fafc34f07b372b60981ccdc4018eb,708.28
461,78e0917f94fd9a5e81721b3d6a949891,0.0
462,793e2072826ee96904a5f03ae2357e96,2754.37
463,794a74f41f18a115252fd26bbd16882b,1478.32
464,7960373dbd5c93b4a066b352fea600ee,2839.13
465,798b4cc659c984e8353c7a4f90936df1,2380.49
466,7a1fd3df8aa8197bdb3be8c5d4ffa92d,347.47
467,7abb5ee55c03357b69af929f51443bb0,2158.75
468,7abb74e551c262a945929b92e0551b04,2135.46
469,7ad917215da937eefdf48e3c9d3fcf26,2550.97
470,7aee4951b59fcd1edda02bbecaa2a717,352.19
471,7b625f643d0775f0ac4898e33235377b,20.78
472,7b8eaf284addb604039c7e22d23c903f,2251.71
473,7bb464563d0d43f7f894439d163f4ad3,2269.13
474,7be7bd7d4880308db77561aded87ff8a,0.0
475,7c1478b12207107ae4296e656a49d6f6,505.08
476,7c27405cefee2fad79a81a819ca9dbe1,5003.93
477,7c4bcea05c14431c65ef1d9cfa20ecb1,780.07
478,7c64b8d49dd5fbe34f44a9b4bae0e7b4,2429.27
479,7c8a65613ea1b4cb168336390c8cef8d,0.0
480,7c8d33cc16246462e046ed084f7428a4,2689.93
481,7d8627729a14175b1424153ba46d7acf,1780.24
482,7da41cde0e0d0503549eeb7ca5609a9f,370.3
483,7dfa12ce1fc9cc58ec34fd66c75b106b,2675.95
484,7e335469ce82f86c20d06b06ccfa1da1,1882.09
485,7ee801015b6ba9dc0aa2687cb28b8361,1841.58
486,7f4350f4a358ac264ccf3b10c4966afc,273.08
487,7f47fd2db9cfdc30fe46068ad017152b,507.65
488,7fc97bb967d4380b38e8490aceb85224,3594.05
489,7fcca181f46acfa027ea83c7dc70afa9,2064.89
490,7ff85c5c0e9324e28d1e0d0589c364bd,24.33
491,8046a7b32ff00f418c1bb410a67adf68,4020.42
492,804ea124edb0d6694aa4a3c9eb22a716,4271.66
493,80597153cf2bec000612ba2e45a72d91,2132.06
494,80cb80668a3c444e3e8962d1c861b9d0,417.07
495,80f8e8eb5eac6dd41259ccc73993aff6,302.05
496,810c559baf6b5c20dca13b794fb36240,2364.71
497,818ce9e1cee09531cb20bdffe3f41256,1117.67
498,81fe057f033eeba6b1472a8fce5c1fdb,2349.9
499,8224c23bca05c2adb3fdf40752eb1b3c,3523.65
500,8228dc00459f185b56d989c8ba1c9c52,0.0
501,822f647598c6283f3e782bfa33007d47,0.0
502,825a12d804be2135d12aacbfef42149f,0.0
503,838495eb3f025e512228480eae127522,374.38
504,83a0efd007f4db8f0b7db5753d80fd87,272.35
505,83ae2db3b59285394e07063a7d0d0512,371.9
506,844d41532242b64d8f19774b6b7f1c82,2976.38
507,844e9be5a30d8d9c1f8e9ddb086ff717,8003.49
508,849726bb431c44a984e5f0f60923a0ff,491.43
509,84e1a98ccf46774bc4f5c6374079dc07,359.8
510,84e99f5233c20f92e5be02afd2dbf994,0.0
511,8506914d35a1146dd602b68a93b5be5a,500.65
512,850de9129410d40c2875418eb40858b9,3578.23
513,85bfeb44e07b0d4e86c637353080289d,4638.59
514,86a1dbd33d3ee6d68caa25966a2868a3,5978.87
515,86f580ee80bb5a54e07595410d624108,634.97
516,876e3742e4165313e3be9ca7ff4e41b2,321.44
517,878b301e00c3111bf0d4cdddb8e14c9a,0.0
518,87b493b5ff1b807c2320801fcd16ac26,3226.05
519,881527a718b502bacbd04b6f45fcc2fc,404.19
520,8902cda459f8ac02c38efb2815cf4026,543.3
521,895c14bfd7d1e2c26aee6938703f32f8,287.27
522,8969d175c4676642b245af55d2dba19b,254.87
523,89788880a732b675ba9cd9854adcf684,633.24
524,89b9947570bc59a6161fb5edea18b852,2354.77
525,89dab1d9f815cea34ce3612a6b7c0d51,606.48
526,8a2fcb8a8aea9b7a1e2dc54c3257abdf,0.0
527,8a485c0c66396eaa9dd004fb0bcc600e,0.0
528,8a64fa582ad5ac3bce95a38756b1875c,6551.54
529,8a7d9195606bdc9bd5305f6bb300e1de,636.53
530,8a86bdb56cb975c786e47cb256838ed6,2588.53
531,8a965bfa0851de76169b3206709ca943,3801.4
532,8b0662c4244f85c5dd7ab46810ca6b04,429.42
533,8b09ef45562214f00e7c11ed16d70dc8,2520.91
534,8b688ef44a5b17bd7150350d059e67ea,603.57
535,8b87786b3a356550a4708f5ab3768792,330.64
536,8b9b73cd6d63023caa38dbd25c1042cd,4055.61
537,8bda575d26a589024a4e62aeba352f93,3109.05
538,8c0d55bf42d242ac86f43c4031d6371f,222.06
539,8c38fce0915fbb7d816e19c3ecda64fb,264.45
540,8c40d50720fcc5990329f7312d1ad327,450.37
541,8c9a890f19a0ab28b745246162e449d7,2085.74
542,8cd308e28e213e46e87c9dd9c5aa1466,2616.44
543,8d3740598109bb310e6244ecc1971a85,443.86
544,8d5a99f2032a336a57222948915edf09,539.0
545,8da0796b60fa75a5ced6d1c3bf1f3064,3710.28
546,8dbfef11a650dd9658ca0c6f70b84f88,2366.07
547,8dc9d28aa6ab0af5dcc98420a9bd65e0,1363.05
548,8dfea9e24286290d2f59f5b51f00b6c2,340.96
549,8eb2f1fd0858319b86b9e44b64660eb6,585.08
550,8ef80bf59ceefb3fef9d41a5c66eff35,4076.58
551,8f325f86996ff57a0006add6cb623e19,2352.28
552,905f8007cd46415eba8b9dce088b4395,333.19
553,90a155db6f98de56ed6baaeccb5aafdd,387.84
554,91278ab4c7170ed070a5cd653cab3d26,336.57
555,914712bea449e20e1cd2e18c269481bf,6589.71
556,915b7e1b8cdd0e1bf9826e8ae91706b4,472.1
557,922214b02f8dfbde50e8cdaa187dfd47,3112.13
558,93337ec6e89c26ff280f490dc3eb9042,2479.86
559,93587c4ead63454c615f4651e2841ba2,3378.25
560,93be171268b14a0586c48cb488bbd5cb,1369.11
561,93fb5779620ce28dea9cb83cbb25ff9b,502.56
562,943db956d9c6ccf01435211d99568f15,5480.42
563,944e9726e57e8c379049dba4bdabb05b,2578.39
564,94699541835b03d2a18e265299c11213,482.77
565,94731f1d1f9180223445e77690aefc03,1827.77
566,9494350df132e6748afca3bc5d138dcc,500.34
567,94ab22994e3ee32eb32f515563197296,4766.37
568,94d5f7697a40886a8723f6015fe47841,0.0
569,956942174fc793c4bfb6fffc4b3c1c7b,1753.53
570,95c1a153c7ec6b5623b8ef298010d2e9,2617.98
571,962f9787bc5b8dd06dbc2147c39ae15b,2583.66
572,96d7ab03f9156154f6f2144263a85579,2536.49
573,97332a03726c052b1283fdd36dbdeca4,289.75
574,9760cb1c8a14d3fcf527631acabee35c,1961.94
575,97c0a0888afa9dcadc73386abcacd350,3398.63
576,9835cfed2c02bee16b5f0eeac3b4926a,521.15
577,9857a5bc59036a73f9261ea694bc002a,2645.99
578,987c2e7dfc9a93697b8dfd030487ff01,3693.66
579,987f45c1c19d83fcf3295828771c10f7,369.35
580,98a7f586f974550506502f52e47700f5,555.72
581,98a878a6fe557bf91236e6fc0413faba,3064.28
582,99e05511bd051039630e0ee9d311afbc,2646.57
583,99e15cb3381c646df2619a95cf805743,2582.51
584,99edc641e82b840d4fb6d57db0aff446,0.0
585,9a2b695c70ad62abcb4323d7e9a4b6cb,422.99
586,9a54684a69721c1075c2af5fc077665b,402.25
587,9ac5116c46dc8515c0aec6f7153c6440,2687.79
588,9b665130b27de44f369a44b2cb752670,373.07
589,9b73a887dab36dc0a53f3308bc278a2e,1867.73
590,9b7b9829183e266882d4815d95357a1a,426.67
591,9c0158ebe58592fdb3d18fb9c4623db7,2790.67
592,9c5835247a252ab6275775341b502f4a,2145.93
593,9c5a3250d9f6e6537b3b076b26ce16cb,2832.27
594,9c67faa1ab5de24e6d9c60bf7705f658,2387.3
595,9c8968198038d0ce08f8066275480e62,3387.55
596,9cb8155c8eac12669e18a89a2971a8d1,2315.95
597,9d59581a50c97cf28d30f80cc77dd76c,494.95
598,9da29e218f6be3ea257d35f98eee1088,3218.0
599,9dc512e71a0f206687f60b8bfc405050,253.43
600,9ded5e80238ea1cb8e923d3f3b03ccd4,352.78
601,9e003a96a6aa5a9207530767c2a8b310,657.55
602,9e291e9ae23649f498e166278c16344a,582.37
603,9e5b47cd6f31b05e75e92a427230ebdc,5143.48
604,9e9d4402b1038d103b3add7271d9b8ca,4295.23
605,9ebbe10ae57214da77ecc43f6a84caf0,2445.7
606,9f1b385dd82b5a43f98660a99747e3cc,3683.32
607,9fa4b644d8b6ea510119808c37f22223,308.03
608,a0b52413e2eedcc5ca6f31d53ab1a96c,343.92
609,a12d788b7cd01f696bb5ebf28fa739cc,3112.06
610,a1a2b1b116fad0bfb521da9cf92df2b5,2631.44
611,a21d85d9c18b9589f82a618f0531ecac,308.14
612,a22aad223462e8196b76f259752ccee4,728.69
613,a2334fdb829cf96fbae920df0cce1587,232.75
614,a2bdf1915008a135e5ddaf8cf110adf9,4559.31
615,a2f170312615f7d2d41b80da4d5d7a72,2138.97
616,a324cc0a17ed8b72ef62b06a021224a2,1861.77
617,a33de78c73e2b157118fc745e8c2214d,3175.61
618,a3c39ee40d7bb0ab8e49efc44cb6735c,2106.9
619,a3e28ae11607ad68dedbc2baff2210e2,289.73
620,a3e6503d6fd14f55f5a7a7e993c06c0b,2996.18
621,a4401d3bb25a651812f6781fcce5df77,6624.01
622,a4463e077e248abcd96b8ee584e7fec5,2029.01
623,a533ee906b3e68bcd03e3e2888a844a8,3012.02
624,a53de9ae055503d13bbcd6e19c5c311e,4220.54
625,a5637a20ede3d6cb3be2d52d17d9174b,3003.86
626,a5964a3b81fcc810585ec982edcb3689,0.0
627,a60115fe0ec8c0e2d4fb8958a28567f6,278.85
628,a632e60ee41d9aab624a6b7fd6269976,4598.85
629,a6505f04908e487e37c61c2a2a582eaf,404.98
630,a69bbe711400a8eaf17206a9d2b4f26a,2581.1
631,a6fe0a06612bc9d9fd3f7dc1fd9615f0,2885.79
632,a741036dcc0164fabc9155e11816f7c3,2047.14
633,a746873c2f5431e9ac8e12c47a104115,2206.16
634,a7638b7beea5715330ac956372522b07,309.45
635,a7ae2d9768b3eddb584395f2d984b3a2,4835.66
636,a7db008438b8a1a26c201f7de3a6fd74,0.0
637,a7fa04a6b4111cac92989ac266ec40d2,534.82
638,a84478867f4a6fb6450da1cb47458308,5769.46
639,a854b4bcf206030120913620bc664396,3210.13
640,a85adc80be31a10c23b7aaf380e39173,0.0
641,a8bf411134a27779046e2f7ed3b2e1cf,381.48
642,a909251d04212c2b8d369aa619c13ddf,473.71
643,a943514117ddea18c75bd09ca6955ede,0.0
644,a95c73a18090636ec3a8033e8a6034c5,3180.38
645,a9af04859e568ded6758279d805c56e8,4741.04
646,a9dc82f0789aee809c81669dc768ced0,5348.74
647,aab4ab866a771d21006a07cfff585eff,2625.12
648,ab76a5e04d9126c2070bf84ac419f80e,439.9
649,abc63585621a8cc49099bc9dde677f27,6817.94
650,ac3c378542ada7cfedc24720ef9e3273,456.46
651,ac51126328b559dd3872766d2455bba0,586.47
652,ac986e2a577103efe48b23cd17a4b6ed,403.98
653,acd5d321f5a7e35ccc3bf80a2c744c36,3187.48
654,acd7dc6118befb6724aa3752d1cdbea1,829.51
655,ace64b24a38208dc0712bc65314027ac,1870.06
656,acedcaee665d04c791bff1bf848af3a0,2040.1
657,ad6489ea30a7952d7f3ec6277553fc4f,0.0
658,ad6a8aef632e7684c3b1e1e9dc0f7d23,571.89
659,add2977c3e55ba8475f60054a75a8b14,540.99
660,ae08f3a379c6069211342d448f74b606,2592.89
661,aecea7471a8a5efd539c4bb549f21a69,0.0
662,aeda204ee39ccc79f22fe31ed73882ad,344.55
663,aee6c0de9d4b4e14d92bce9e4a352748,1067.12
664,af39ba3a5cfaddc35f3c1f92bd860ca9,4026.41
665,af452fac966efa9d089953c99045bb20,7139.9
666,af4bae4a0b7a75194dbd4951c78bb98a,286.39
667,af74473d8f38c0c3e8cba5b72f747281,566.47
668,af8cad352c24bda90b2a5d07e1049181,4878.28
669,afb63eff111f81c66cc01a5c9f64f2a2,5087.5
670,afc352444f34fc17d988c3fdf916756b,418.98
671,afc7a3f83a5e5cc87136bceacceed8af,4039.0
672,b0b60bc559f123caa41ae1e002243c3c,2637.33
673,b13f722977cced9ee6d2ad25e8761583,2227.02
674,b14d2355eb3b7daf6b07c44a31fb23d4,347.86
675,b1adb42b262bed41aeab28e9f6e93633,4036.6
676,b2b3c6614a4a317bdfb7a57ae8a1687d,501.23
677,b2d3f2fb171a12cac427107690c10089,539.94
678,b508b23b0c53f5e3ee71562e531a3a25,3674.05
679,b5275d250226cf29df0164d0f62d5ba7,5259.3
680,b5615bfbdce936560dea4c82579bb35d,0.0
681,b572ff3bea0c3095a3a5d24db765dd42,380.88
682,b5b10e1d4132c7c1155f88aa00b9a5c5,5608.15
683,b5b1d33f7a438b13f85fcc46cc248578,413.52
684,b5d89a7f152103c9fc981e3990e9fc86,3091.88
685,b66734bd849ac838a9c0830878837979,2719.42
686,b66b0833b679faefba66e3f1b9eb579b,374.69
687,b6b8068eea005094bf1eeab9c35c9c11,3875.36
688,b6c8c21a45ce574430158f6230d9e254,2076.27
689,b6ec72d2f14dcc90a4e7fd25bd12e9a7,6093.09
690,b75fb275f65a39b9ae038a7593d91fcb,3074.55
691,b794fc307d1309b3405361f9ea4e8b1b,520.03
692,b7b0b507d966d1e1735ecaaf0c3ed5b6,4506.52
693,b7bd34f3d587ea950dabfd4ac7781f2f,4247.56
694,b7de2b55859abf8fb49bf393a5a2816a,4207.43
695,b7fbf53260861a5a9022b709abe4d584,4643.93
696,b8df3a1ffca045016321353536ac86cf,318.01
697,b93ff367c79f79437eb5b70dc00a33bb,2428.09
698,b972617c1e490250b2dbcd3353fd436b,243.7
699,b97fd5240666a3c3ded13df9f73ca71d,400.12
700,b9912d7f760895a9a5f9e046a70e7d8e,345.52
701,b9926f42a5fd6cc0c455fe59a21961ab,3340.17
702,ba3a4161ca111c8a2d39a1f1bffd3557,3590.35
703,ba5185bc3765e91878ea56a67f156acb,532.6
704,ba78525b3444a3714174f4734720996a,2431.27
705,bb2984ebd891be82156fff038a85aafa,312.94
706,bb2993a27d213c0eefab695ef0214fa9,520.57
707,bc8249da3b109151438a85d49300dd0f,2303.33
708,bd057e02f75c92917389d90bb215fe91,198.07
709,bd2433d45fc8dcd1c1d01d9c20ca357b,2242.64
710,bd26a8a5910f6c87aed2fcce32782fae,269.54
711,bd2cf0eb59f96babbb13b724d8d77b12,2791.91
712,bd34a715eef595600ffb4f683ca04e64,3916.33
713,bd5cea890904311cd874773b13255406,324.47
714,bd9366761825d97d4c79c2c61638318b,2038.61
715,bdca40c895def7985563060c5dcbd0ca,472.5
716,bde37c58877c64b6ce4b309dc2154bad,337.96
717,be22fe5992cb9557d7748113ea1f6057,369.65
718,be34f66b259b110d8908297419741202,462.3
719,bf0a8a6ddc179a9466082343c5862904,595.74
720,bf2693c5774a77e478e418119be97c5c,245.58
721,bf87c4b14479e823c1ce554606f6fdd6,2803.59
722,c0640121b56458ccc0d2892067bc463b,4143.01
723,c06d3d1ffc5b470f5407c2201e6616e1,0.0
724,c07499b5a6f1090f2fb263ec6ac0660c,6669.83
725,c12c2eb875879488e687111335a12805,5680.79
726,c1909690dc34d322b9483c10cb1a533a,2707.67
727,c1d662bc81ade6c9a1ec161b3076b27e,4847.65
728,c1e9b11fb4591a922e98ed4c46063b6a,4091.84
729,c284230ecd0f82b79b99e8326bc62c6b,2020.27
730,c468a648519cd42da75e6aa9dadf733e,3244.9
731,c4b09aae89ee1feabc77632691b65278,0.0
732,c56b62b863a81370827e04d2c0a669a8,594.68
733,c5f1c362617932134aaf950f537061d4,1918.86
734,c697fa3bddbd8de0a0f09060df305934,0.0
735,c6ea9e05de9e221aed059ccc8ad5f6bb,2206.98
736,c7de222dc1b99eddaa9a665687b94dc3,513.35
737,c7fa83cac784c0f6225cfe30bb96572b,421.1
738,c7fc922f759f46036bc9cfeda911515b,0.0
739,c826130d392023b4c535431e2616e88b,360.34
740,c8932c12e8ac6691d5c7c27ba8ecb967,3225.34
741,c8b0c99b2c6537769427fe4eec396e55,1816.28
742,c8f03786f7e1b205a9d38722fc3651e6,5690.5
743,c95b96b3d38fbf45da2bc43db49861c5,4975.34
744,c95f5d4bedbea37cf208fc3e70e7e75e,2186.09
745,c97e3d0c075030df5478bf3e679f97bd,2825.41
746,c97fa24cacdc7b092c81d9556d4a3aab,2940.47
747,c9b9fc54bf7c8edcbe35b1091f38cf0f,735.26
748,cacd66f64a54dca26e17f19a6344c369,773.88
749,cad3107b4ec2400c662cd8eab4e20026,1782.67
750,cada138c65391fd98c1835e5c518397d,537.81
751,cae89a5674ccf4bb1a78708926697f8b,1851.69
752,cb5ecf234f7492c867bfa875a2c677b5,335.47
753,cbba49117a03fd2f578022eab904dced,4163.84
754,cc2186bc2bd14948eb9b490d14fcd686,512.75
755,cc5b9b32417adab54115cc8eabc5695d,315.33
756,ccf0631bc6ad481b3d7becb69564f61b,438.36
757,cd970d2e7d3034e5946e71db0b4869c5,5322.41
758,cdab4b0c1ece5d2bc1d671ef6bf21382,242.56
759,cdca9a75635698b016fdb75f95f561c0,3125.47
760,cdfff0fd9f4511931eff58f549fffc12,5168.69
761,ce577ac73e9022772835abf8d37e91d5,412.12
762,ce5b4b1624afd0dd514e8997a2a1ff1d,330.01
763,cea2a4389f823240e8dfbc3ea95e42f0,304.21
764,cf27028c2fe4a9fe00795d0d4dd23a18,6535.78
765,cf4685ea46aad0fa545bd4764679a162,0.0
766,cf6f95dab8e87ebc3405e8b6fc02137e,2939.37
767,cfa62004631bfdbb0d9f842d69cc502d,2930.24
768,cfa9233eafdbccac8d2a864b0df390d4,264.41
769,d093196b2758f39a4548faed9e365d89,4069.02
770,d0f374c7d36c93ba0772626d4c4e6f7a,5519.0
771,d1576672b9ddf17e405ad295e66048ba,281.15
772,d1b2185245eeac47821e98471c915947,487.31
773,d27b078b9f801a979bda2687ef91159a,2511.7
774,d28f88b9d68ac9a2c0586728bdc91bcf,522.58
775,d2fe91351bb890ca8ea9b76201b05964,477.08
776,d3121b735af2bb94568c8070aaf05110,2375.23
777,d31eded9263eab43f614eecc6a52a0f5,161.23
778,d42d0642a28cb2d7415bc7176fdfcb9c,2005.61
779,d4867a7af060ee2a814c6be63b48473a,3382.42
780,d499ea144d46d394e7ece7dc53e9fd41,2671.54
781,d500e63eb4adbab2fb34140565ae4d20,2665.41
782,d54674169d8b98851d54d79405c5d261,3982.61
783,d5a7b55889ae4bba1eb7c9ba798ddfb2,0.0
784,d60d9f944d86cc7539bb6b7a11646149,2058.72
785,d6277e6596f855c87627312e947e4f9c,5073.55
786,d6758947058995dbeeabc5e812c00cea,2673.78
787,d787d7b7e3798edd7498b9cbd9b59206,389.62
788,d7ae05b007ca320a0d1fb128ccced638,2468.16
789,d7e035984d4fba2d14bc37f1992a061f,371.35
790,d7ecbe31d65faefa7c5314baafd6c4ce,2003.15
791,d876df0212e45f5a630b89f5a04532fa,215.87
792,d952de85df73349f0280fbb2345148ae,476.46
793,d967f5296732fa55266b5f1314e7447b,4348.42
794,d9b4803fb9c57a061205f7376aed60a5,631.47
795,d9ef4b835e202c9b24315b999894362a,780.13
796,da020ae1ea6a8ce10cd43f5e36880c8d,0.0
797,da3325f424c71942ca8a3401615a0e6c,179.21
798,da436a25d31e42fa12c800bacf3d8032,455.54
799,da582077a9e547fc6e24b8d100e64209,0.0
800,da8f13b0ebc53fe1147d982f087b5806,441.56
801,da984ad859c4b4349544b580d532ec5a,1417.71
802,daddf0bdb8874309dd07bd9d91396166,240.71
803,dae249fc394c9bdf02f7d8bb1ff55733,752.92
804,db565e88c0f55509b8b272e807104ceb,0.0
805,db63522a6a88af9b817df48e3f6bad15,4464.57
806,db9cf75a3edf5b1d38fdf560682cec48,2771.88
807,dc39121d4440ef9d34bb2cfac0f1bf2f,2891.98
808,dc5fe88ac0b99e77e8630795cfc16981,3767.34
809,dc9a5809e396367a5a0767ac9226a64f,295.66
810,dca7c0d776c64df418bf3b63756927c2,523.36
811,dccfed81fccb496e10c26074253a1330,2579.29
812,dd64221e3c3d2f0078f4903cabc16bad,0.0
813,dddf432269175b67f5d9c55c3b36bdef,2321.09
814,ddee9dcc776c7b87e68628ffa0f99dc7,438.6
815,ddf9fad53fff9a2f2ded181e1144b47f,281.29
816,de0746635475c2be3d26489184659460,3007.29
817,de13b737a0b0f174b2d14836de6dc2ff,0.0
818,de5fed97bda5c8aeca0d5c6a47f2deec,2294.72
819,de9e048c789a0ddc487baae5929f51f9,2388.58
820,ded0963ff2f6582b382b72de6f123a08,3439.11
821,df11122e91571fcd91143da33fd3542a,370.42
822,df9ab418e87b21319bdfe389a4552e08,4155.58
823,dfe29c1db80f470f4fa8046bc7e5d8a0,483.65
824,e02f0f208e1f02b7672ff2ed8bd1bcd3,2522.78
825,e0449ff246754057062a6331c7a7b661,419.93
826,e0493acb44c53e68e3c3aca626cd466b,438.34
827,e065a88039052c0f4e552886fab4d99f,2241.99
828,e08a1154c61bfa0adb7a029eed7df122,502.78
829,e0a98706329350c48ea450d1705bdd86,4521.86
830,e0e3594e7d43742458a79799c7a5dd6c,2411.32
831,e0e76adfaac64932530b49127890139c,3606.3
832,e111c33885a216cc61ee4947afc355f7,0.0
833,e121472f6b4dd372dfceb87c7e30cbac,385.3
834,e127911975277f6b07fb2521647e1031,617.51
835,e1970a13e4fbb03fee21f66f7a97f5eb,2272.6
836,e1b7e1ea030de78f88501a832cb007b2,2220.14
837,e1d2df8059744cac678fbdc113e9e697,497.09
838,e225e4363d4ef824640866378d49a878,2690.37
839,e246b5012a29db02ad24ce4b7e332b9b,246.87
840,e253f0cb570353173a73119dcc0e54d2,3468.24
841,e26a411f427d8387e1244ece6053c940,584.97
842,e2dc374288c7edd10ce6647a8e6ae548,399.19
843,e31ae4a7e10b56e18f3f988fe48acbcb,2155.23
844,e3306c36e5fe929405591869e0ee98d5,258.65
845,e33e7bd3f983ccbc3014e3689b1062f7,380.05
846,e35d490b495edf857a448653e036bd44,324.0
847,e38156350137c3a0df6b4b43c002ce0b,3410.19
848,e4038e6006053cadf0bb2f8795e6c9eb,1834.49
849,e45936982498bfe7a8fcfef62bf1edc8,480.83
850,e498f29ac08e3302ff8f110db38b170d,0.0
851,e4f3a9d5cf57b9b518136afd9757f76d,227.7
852,e58dab18de6e4134d8b232e57ce1d86e,2843.71
853,e610084768b3d8313be3a7dd22e5e5e7,374.68
854,e61357801b8cc7a4b40cf736e6890972,5264.51
855,e64f09e2fba9abd0daf0668bbcd7ae97,387.14
856,e67fc482899bea76fa32d6274607140d,395.44
857,e72a4e847306ddfd0540d630c79b33e4,316.01
858,e761f3e1d225c421222cfe150072ad3c,0.0
859,e76529a86a5efc221a88a6c91a75ea59,2623.68
860,e7faba643203b7d1ed349fe03ee07d36,0.0
861,e8a7df9c27dc5dbb1057f2f18aaa862e,0.0
862,e8b60c6f666907603bb5d70aa8cc6c80,4680.55
863,e8d73d55baeb522ef8843cb54cd08df0,2443.25
864,e8efeab7179493aca6effda3bf21833e,1803.29
865,e91240606aaab23860bfba718c858d30,2206.29
866,e9651415a968663e49b62c29e5d89137,2083.68
867,ea1f8d9a6f34043a8e8a3f78dbda7f9a,2171.26
868,eb48fcd046d9d869a6c6eccd90392480,2479.91
869,ebed38ca7ec991605d2d4a3b569e9214,0.0
870,ec1637dbd16bb38ec0b5a93c14373364,629.98
871,ec78920915122cbe500fcb475a8fb5d3,3323.34
872,ec91bf40df64a813b83c67f46118de37,3556.91
873,eccb23f51439621fd79b3754af59d443,0.0
874,ed0c7d2a0d5f60d527c0c3643495ddca,571.87
875,ed1aeb39f5da7d42d10a92653319b951,2053.81
876,edc891e47623366a2aaa2b1a32ae1fa1,698.14
877,edca8abe7dd3a699bde27f9241e73dda,255.46
878,ee8b2edb7ef82ae69ccc57bba1889a40,5599.92
879,eeb00fe9de3e348006f6f7128e6cf4e3,2713.56
880,eece82fe623b4bb335a9b9e20eb0ca54,3591.71
881,eedb2d3b82cd4276804c339cae45fef4,2248.78
882,eef12344364d2a2e1e2d581287cf9cd8,3052.17
883,eef2e2ad223c5c824565b3d98086e7fc,4227.67
884,ef3970fc96947901f21cb6dff853b8a8,3487.4
885,ef3e90cd957439dcf1a2afcfc4b0cad7,4916.62
886,efee4c92f7fb02a7dbd0ddba25878e2f,0.0
887,f0124196d19be156b58f64700fdac7e0,5378.16
888,f06398053a230bf914041eb897dc8d62,479.95
889,f0df79d10df44f18742682108b17f60a,246.7
890,f129b4923a3e5d5f676a592a8e4b7efd,427.09
891,f14169430d2a1ccb92266e8fb27b5bb7,3082.43
892,f17cfca756365f6863a241ea96ab9f75,2907.14
893,f193cf4d5de76b20688d759ea7c66312,5570.06
894,f1a2419d56c2a09edf4030caeebeb5b6,297.55
895,f1b4411717c78f67380366c2a16a4d1e,353.03
896,f24c7a1f58df6b9e7ee7f01012e601ac,0.0
897,f2a9db857bbd5fe385ed59d8f2e89621,2934.69
898,f395649fb47860aebc4817c7a6ea90e6,475.6
899,f429fcd3fe77e166454f9b27813b07d1,0.0
900,f467b8de5a37d9a818c0cbb557089c55,413.29
901,f4b761ebd4f310f03e5e7f79b925ef4f,4301.5
902,f54b6feed73d306d44d8fba250bafea8,3958.62
903,f5efba2f8019f9eff955fa20312d0639,1898.07
904,f696de645de36b56677457d2d3136524,308.01
905,f758703e18f588f2370783f8b779e664,283.86
906,f7858e1e354a9fa26b3055bc12a4ee5b,4325.48
907,f86eb77e1cefe28e9f0e9d3775fae261,467.18
908,f91254f1c1b3112ef3464e477d23c9e8,316.94
909,f98673773627b4b8d152e2b168b85bb2,379.48
910,f9893308ea5859d7ede4e034086c461c,0.0
911,f9aa6d69d74e786544027a1ab3049f44,4046.57
912,fac81ea6cbd540c89c7eee17e851a233,404.73
913,faebff3d5429ff2036c125a91df765c8,396.93
914,fb83fc6555a4f700fd92630d9fcb9cea,570.04
915,fb903879c556260ae2604ae0c45cb92a,2443.3
916,fba8372d56b91b1bff7b71d970b5af58,848.34
917,fbe0433e5b1a3db9dc9d6ed21efc6148,503.18
918,fc3504d2efaaaa976a33b3c856927155,2237.03
919,fc83b793850ea70d9e898afd0b3ef592,2499.53
920,fc857228f75499b2f24b3d547e12b9e9,0.0
921,fd1bfe51e18fc13936ae19ce3a387fff,0.0
922,fd2130d0d215069168dc2f79c1f5ae44,3190.47
923,fd39748ba122e84e9ac492e6fb7c7a05,3062.37
924,fd831ca1d79ae5c6fc3a679a22e5b8cf,161.46
925,fda96e6cd3395dfae3e59cd4ac95f7d7,2214.91
926,fdbee494c73577d5b1266d1fec5c6c9a,435.33
927,fde60697758e68d617f471e49f65db75,307.51
928,fdff1a7205bc3b9ab1dc5dc223782fc5,4620.16
929,fe35f74209d1056dd315ddb17681203d,3885.27
930,fe469488a23d4bdda47b83a659dcc103,2627.39
931,fed19d671569afe8a2f9fa0953dd25ca,337.17
932,ff419a3476e21e269e340b5f1f05414e,2507.85
933,ff714a67ba8c6a108261cd81e3b77f3a,4794.17
934,fff482c704d36a1afe8b8978d5486283,289.54
935,fffecccc49436c5389075b13209f0dfa,4468.0
936,ffff51a71f2f185ec5e97d59dbcd7a78,3291.99
